{
  "configuration": {
    "setpoint": 5.0,
    "simulation_duration": 5.0,
    "dt": 0.001,
    "population_size": 100,
    "generations": 50
  },
  "solutions": {
    "balanced": {
      "gains": {
        "Kp": 15.445093848956132,
        "Ki": 14.9806785914763,
        "Kd": 4.4006057312230356
      },
      "objectives": {
        "ITAE": 5.345559066066786,
        "ICS": 1404.5549355846792,
        "TV": 87.14581491659212
      }
    },
    "aggressive": {
      "gains": {
        "Kp": 15.445093848956132,
        "Ki": 14.9806785914763,
        "Kd": 4.4006057312230356
      },
      "objectives": {
        "ITAE": 5.345559066066786,
        "ICS": 1404.5549355846792,
        "TV": 87.14581491659212
      }
    },
    "smooth": {
      "gains": {
        "Kp": 1.0330493739537883,
        "Ki": 0.006485525218548394,
        "Kd": 0.0019702699271057257
      },
      "objectives": {
        "ITAE": 16.914200740907525,
        "ICS": 1266.7585869741874,
        "TV": 7.724565829201778
      }
    },
    "efficient": {
      "gains": {
        "Kp": 17.583702590944313,
        "Ki": 0.01806052217284841,
        "Kd": 1.9297976654920774
      },
      "objectives": {
        "ITAE": 62.47500249999487,
        "ICS": 0.5525385919971789,
        "TV": 30.437458575987307
      }
    }
  },
  "pareto_front_size": 100,
  "optimization_time_seconds": 434.52298879623413
}